S.No.,Name,Mar Cap - Crore,Sales Qtr - Crore,Mar Cap Growth Rate,Sales Qtr Growth Rate,Profit Margin,Return on Investment (ROI),Market Share
2,TCS,563709.84,30904.0,3.381151601153931,69.03717062418595,1724.067564069376,94.5177469316484,1.768190641710278
3,HDFC Bank,482953.59,20581.27,14.325854237350187,33.40256924669946,2246.568457631623,95.7384580162247,1.177569538199343
4,ITC,320985.27,9772.02,33.53703613632937,52.51983964060527,3184.738160585017,96.9556173091681,0.5591119050804321
5,H D F C,289497.37,16840.51,9.809764790764396,72.33396984451524,1619.0534609700062,94.18284525348191,0.9635397418984064
6,Hind. Unilever,288265.26,8590.0,0.4256031756005196,48.992043590128795,3255.8237485448194,97.0201057179072,0.4914819315393246
7,Maruti Suzuki,263493.81,19283.2,8.593283144836816,124.48428405122236,1266.442343594424,92.68172561624884,1.1032996952571716
8,Infosys,248320.35,17794.0,5.758564119589749,7.72278460006638,1295.528548949084,92.8342562339333,1.0180942362992715
9,O N G C,239981.5,22995.88,3.3581017423662596,29.233899067101277,943.5847638794426,90.41764469344513,1.3157228777469765
10,St Bk of India,232763.33,57014.08,3.007802684790295,147.93171646399264,308.2558729352469,75.50555751200157,3.2620943147075177
11,ICICI Bank,203802.35,13665.35,12.442243372270012,76.03162236415987,1391.3803890862655,93.294802537851,0.7818710841863691
12,Kotak Mah. Bank,199253.77,6390.71,2.231858464831249,53.23420183163987,3017.8659335191237,96.79267800052163,0.3656482531673664
13,Coal India,192677.98,21643.28,3.3002085732179554,238.6678475474556,790.2439001851847,88.76712325923283,1.2383330685967908
14,Larsen & Toubro,180860.74,28747.45,6.133155433744952,32.82390654281606,529.1366364668866,84.10520160428405,1.644802357721788
15,I O C L,178017.48,110666.93,1.5720714180423978,284.9625966824883,60.858785908310665,37.8336722888112,6.331873866580586
16,Bharti Airtel,167131.29,20318.6,6.115236548680503,81.63986296538633,722.5531778764285,87.84273130423394,1.1625407187630874
17,Axis Bank,136380.76,11721.55,18.399026298426826,42.3112320730759,1063.5044853283057,91.4052759348166,0.6706554173032329
18,NTPC,135390.53,20774.37,0.7260774906959089,77.23227730121016,551.7190653675659,84.6559652288827,1.1886178689304538
19,Sun Pharma.Inds.,134241.36,6653.23,0.8487816688508509,67.97385432145475,1917.687048245739,95.04383000887356,0.3806684902648872
20,Hind.Zinc,133266.56,5922.0,0.7261547409829539,10.990601557439016,2150.3640661938534,95.55627458231082,0.3388307332451549
21,Wipro,131840.57,13669.0,1.0700283702077984,130.81729145558933,864.5224230009511,89.63217467885643,0.7820799210955796
22,HCL Technologies,126335.27,12809.0,4.1757252718188305,6.291608749725652,886.3008041221017,89.86110529545708,0.7328745123500826
23,Vedanta,122184.17,24361.0,3.2857807641524017,90.18658755562494,401.5564631993761,80.06206532319203,1.3938290261035493
24,Tata Motors,117071.87,74156.07,4.18409356956797,204.4048684372563,57.872268581654865,36.657653115133456,4.2428834131508
25,UltraTech Cem.,113692.87,8019.24,2.8862612342315908,89.18599650709645,1317.7511834039135,92.9465761573263,0.4588255604979527
26,Asian Paints,108044.04,4260.52,4.968499783671576,46.87127458462397,2435.9355196079346,96.05668207149604,0.2437681721725172
27,Power Grid Corpn,102016.01,7506.95,5.579234171547087,76.19797583393574,1258.9541691366,92.64140010964948,0.4295145850953589
28,B P C L,98278.0,60616.36,3.664140559898388,707.4698779131338,62.131147432805264,38.32153686481206,3.468200895888598
29,IndusInd Bank,97379.96,4286.78,0.913775209100709,92.92801481316263,2171.634186965508,95.59788276766596,0.2452706536070018
30,Bajaj Fin.,94476.77,3540.63,2.981301286219462,17.405838414847498,2568.36043303028,96.25238034704192,0.2025792399611267
31,Bajaj Auto,88252.6,6369.34,6.588042753790157,79.8928439289053,1285.5846916635005,92.7828301942379,0.3644255559756323
32,M & M,88142.35,11577.78,0.1249254979456715,81.77362175672833,661.3061398644645,86.86467969143096,0.6624295317040002
33,HDFC Stand. Life,87358.23,9734.9,0.8896064150774374,15.917386580156132,797.3716216910292,88.85634473134358,0.5569880623215566
34,Adani Ports,81781.89,2688.85,6.383302408943036,72.37927456881941,2941.519236848467,96.7121694057205,0.1538441433782902
35,Bajaj Finserv,79795.11,7665.4,2.429364251669897,185.0809825761943,940.9777702403009,90.39364692899102,0.4385803955787588
36,GAIL (India),78670.97,14414.34,1.408783069538977,88.04419860672634,445.7826719780441,81.6776887332138,0.8247249901122874
37,Avenue Super.,74066.35,4094.82,5.853010328968866,71.59203959390442,1708.7815825848268,94.47141650695625,0.2342875486502744
38,Titan Company,73886.0,4274.84,0.2434978907425611,4.396286039435182,1628.3921737421754,94.21427604688304,0.2445874994437213
39,JSW Steel,73870.26,17861.0,0.021303088541813,317.8168071787482,313.58412182968476,75.82112205913448,1.0219276809340951
40,Grasim Inds,73532.62,15291.42,0.457071628013761,14.386540507250434,380.8750266489312,79.2045761459336,0.8749076411617066
41,Tata Steel,73376.14,32464.14,0.2128035149570273,112.3029777483059,126.02212780008956,55.75654429355373,1.857454974733766
42,Eicher Motors,73311.41,2269.01,0.0882166873318657,93.01071890399685,3130.9866417512485,96.90497018131283,0.1298227494158373
43,Nestle India,73015.49,2601.46,0.4036479451152264,14.651764425894974,2706.7120001845115,96.43711217989495,0.1488440728314658
44,Godrej Consumer,71859.82,2630.3,1.5827737374631057,1.1086082430635136,2632.0009124434473,96.33967911414196,0.1504941704921869
45,Yes Bank,71028.13,5070.3,1.1573783513512903,92.76508383074172,1300.866418160661,92.86156062393871,0.2901002139096435
46,Hero Motocorp,69448.66,7305.49,2.2237246003801614,44.083979251720805,850.6365760544469,89.48073296158631,0.4179879320187684
47,Motherson Sumi,68590.33,14397.85,1.2359201747017212,97.08260499980152,376.39286421236505,79.00892151998687,0.8237815050073883
48,SBI Life Insuran,67465.0,9569.97,1.6406540105580514,33.531950951010046,604.9656373008485,85.81491143555918,0.5475514948048185
49,General Insuranc,66316.32,8557.68,1.7026309938486528,10.5777761058812,674.9333931626329,87.0956651394408,0.489632723619959
51,Dabur India,60015.0,1966.44,2.85206837764006,77.02134223294163,2951.9619210349665,96.7234191452137,0.1125110278761571
52,Bosch,59204.28,3071.92,1.3508622844288998,56.217326742743225,1827.2728456470215,94.81132107340888,0.1757617200389152
53,Shree Cement,58987.08,2296.23,0.3668653685172662,25.250983098518187,2468.8663592061766,96.10723229561457,0.1313801578182239
54,New India Assura,58108.48,5074.02,1.4894787129656195,120.9717667655244,1045.2158249277693,91.26802146605796,0.2903130559102636
55,H P C L,58034.78,57474.25,0.126831746416367,1032.7162683631518,0.9752715346437733,0.965851856421268,3.288423213477768
56,ICICI Pru Life,57748.98,13555.32,0.4924633125170774,76.41496844238942,326.0244686219138,76.52716983053207,0.7755756526465236
57,Britannia Inds.,56837.2,2567.48,1.5788677133345197,81.05924463605433,2113.734868431302,95.48274721485224,0.146899887030103
58,Tech Mahindra,56244.26,7775.96,1.0432252116571503,202.8635081870161,623.3095334852546,86.1746603120034,0.4449061513821335
59,Hindalco Inds.,55854.68,11022.81,0.6926573485009913,41.75497301940854,406.71906709813567,80.26519890544535,0.6306765948534322
60,Zee Entertainmen,54817.89,1838.07,1.8562276249725176,83.32485092276833,2882.361389936183,96.64695229969632,0.1051662623870182
61,Cairn India,53528.57,2149.36,2.3520058871291827,16.935698858041338,2390.4422711877023,95.98464894541362,0.1229769038851412
62,Indiabulls Hous.,52781.67,3115.89,1.3953296342495314,44.968269624446336,1593.9516478437945,94.09664377803884,0.1782774896000077
63,Ambuja Cem.,52361.46,6170.71,0.7961286560277392,98.04004634309942,748.5483842215888,88.21516817903856,0.3530608230231695
64,Interglobe Aviat,48621.37,6177.88,7.142829859977162,0.1161940846353237,687.0235420564984,87.29389978110449,0.3534710588146872
65,Cipla,48577.43,3913.82,0.0903717850813334,36.64784683418907,1141.176906449453,91.9431307913984,0.2239315265770942
66,Piramal Enterp.,47483.97,2858.36,2.250963050124299,26.967515113111993,1561.231265480905,93.98036853279118,0.1635427583043939
67,United Spirits,46725.05,2263.3,1.5982656883996804,20.818231433409363,1964.4656033225815,95.15613145411294,0.1294960483880039
68,Pidilite Inds.,45855.5,1542.9,1.860993193158711,31.82962930234613,2872.0331842634,96.63530001853648,0.0882779362249154
69,Siemens,44239.04,2429.5,3.525116943441897,57.46321861429775,1720.9112986211155,94.5082443018655,0.139005279706029
70,Cadila Health.,41876.19,3259.6,5.341096913495402,34.16752418193043,1184.703337832863,92.21610179913694,0.1864999422637465
71,NMDC,41415.33,2469.03,1.1005299192691664,24.253589397472076,1577.3927412789635,94.038366952527,0.1412670120405749
72,DLF,40159.35,1693.72,3.0326451582059155,31.40140055001357,2271.0737311952385,95.78250145980948,0.0969071917446781
73,Marico,39813.84,1337.59,0.8603475902872026,21.026497886309436,2876.5354107013363,96.64038937213792,0.0765310031208015
74,Ashok Leyland,39047.57,7113.16,1.9246322384376848,431.78926277857937,448.94828739969296,81.78334784981499,0.4069836572931621
75,Bharat Electron,37776.23,2512.82,3.255874821403726,64.67364715541335,1403.340072110219,93.3481451166514,0.1437724827951857
76,ICICI Lombard,37219.22,2110.99,1.474498646371014,15.991197141060653,1663.1168314392778,94.32822611543176,0.1207815416368101
77,Lupin,36878.85,3975.62,0.9145006262893274,88.32964627970763,827.6251251377143,89.2197831548435,0.2274674501357823
78,Petronet LNG,36615.0,7757.06,0.7154507258225196,95.11573037664569,372.0216164371553,78.81452956438618,0.4438247767015639
79,Aditya Birla Cap,36215.92,3325.02,1.0899358186535646,57.135564247279255,989.194049960602,90.81889953368577,0.1902429862638981
80,Dr Reddy's Labs,35893.55,3834.1,0.8901333998970529,15.310584597987376,836.1662450118674,89.31813654542391,0.2193702996175698
81,Sun TV Network,35824.26,683.28,0.1930430397662053,82.17886857411126,5142.983842641377,98.09268914417214,0.039094269404213
82,S A I L,35729.04,15323.65,0.2657975349665276,2142.6604027631424,133.1627255908351,57.11149809790579,0.8767516996778314
83,UPL,35349.58,4194.0,1.062049246215402,72.6305416790386,742.86075345732,88.13564404442712,0.2399621910216446
84,Oracle Fin.Serv.,34620.19,1059.12,2.063362563289295,74.74678111587983,3168.769355691518,96.9407446926201,0.0605981773378264
85,Bharat Forge,34397.69,1390.55,0.6426885583239117,31.292960193368092,2373.675164503254,95.95743202523192,0.0795611408500591
86,Biocon,34347.0,1057.9,0.147364546863471,23.922189061881983,3146.715190471689,96.91996389786588,0.0605283743161177
87,B H E L,34162.38,6626.35,0.5375141933793404,526.3682767747424,415.5535098508227,80.60337131078104,0.3791305351636326
88,Aurobindo Pharma,33676.52,4336.11,1.4222077033274605,34.56261742890129,676.6528063171829,87.12423373911557,0.2480930987388802
89,Bank of Baroda,33364.23,11303.24,0.9273226568540792,160.6769662208754,195.17403859424385,66.12168181312742,0.6467215631958738
90,Idea Cellular,33047.33,6509.6,0.9498196122014524,42.40943304751558,407.6706710089714,80.3021908275192,0.3724506148484736
91,A B B,31983.33,2779.4,3.2196247019048108,57.30306009585843,1050.7278549327193,91.30984797392892,0.1590250151944585
92,Havells India,31798.18,1965.77,0.5788953182798706,29.273584226811543,1517.594123422374,93.81797951958256,0.1124726934298088
93,Container Corpn.,31450.56,1639.55,1.0932072212937904,16.59502383290009,1818.2434204507335,94.78689727623292,0.0938078231496274
94,TVS Motor Co.,30919.51,3684.95,1.6885231932277311,124.75374340520264,739.0754284318647,88.08212031820685,0.2108365941357199
95,ACC,30803.68,3494.24,0.3746178383810084,5.1753755139147035,781.5559320481708,88.65642027186362,0.1999250086684481
96,Bajaj Holdings,30305.94,317.85,1.615845898931556,90.9036013553734,9434.667295894287,98.9511957061883,0.0181859757787863
97,P & G Hygiene,30202.12,704.16,0.3425731061303505,121.5384615384615,4189.099068393547,97.66850803850856,0.0402889309560804
98,MRF,30030.01,3798.82,0.5698606587881905,439.4825039763691,690.5088948673534,87.34992096239729,0.2173517335471731
99,Shriram Trans.,29327.64,3087.67,2.338893660042063,18.720286825909103,849.8307785482258,89.47180884653521,0.1766628656060566
101,L&T Fin.Holdings,28932.43,2630.17,1.3475683689516127,14.816997930478326,1000.0212913994152,90.90926686766372,0.1504867324652835
102,Punjab Natl.Bank,28270.22,12175.48,2.28881569919982,362.91608527205466,132.18977814427032,56.93178192458353,0.6966272907821206
103,NHPC Ltd,28059.24,1497.93,0.7462976941813637,87.6971585514493,1773.2010174040176,94.66154464625556,0.0857049510722585
104,Power Fin.Corpn.,27905.66,6194.77,0.5473419807521585,313.55537308151924,350.471284648179,77.80102674511193,0.3544374301562121
105,United Breweries,27797.69,1197.1,0.3869107557391671,80.67563444647664,2222.0858741959737,95.693527052068,0.0684927846619005
106,Oil India,27404.15,2852.55,1.4157291487170265,138.28836354523432,860.6895584652328,89.59081015101728,0.163210335717404
107,Rural Elec.Corp.,27382.24,5498.45,0.0799513942231322,92.75560463444984,397.9992543353127,79.91964864817488,0.3145970694379976
108,GlaxoSmith C H L,27340.89,1034.67,0.151010289881337,81.18251507242951,2542.4744121314043,96.21566818051645,0.0591992561240737
109,M & M Fin. Serv.,26928.37,2182.45,1.5088023835361677,110.9319879768428,1133.8596531421108,91.89535051694553,0.1248701678100115
110,Divi's Lab.,26915.86,1037.88,0.0464565809218942,52.44427134642259,2493.3499055767525,96.14398351009405,0.0593829181729958
111,Kansai Nerolac,26409.76,1145.01,1.8803040289257056,10.322002543646658,2206.509113457525,95.66444375109808,0.065512424497304
112,Alkem Lab,25957.56,1422.52,1.7122457758040888,24.236469550484287,1724.758878609791,94.51982389716136,0.0813903233123772
113,LIC Housing Fin.,25880.98,3738.1,0.2950200249946522,162.78013665888707,592.3565447687328,85.55657475103338,0.2138776028273747
114,Future Retail,25859.25,4693.39,0.0839612719456539,25.55549610764829,450.971685711181,81.85024701025745,0.268535085293056
115,Page Industries,25383.03,621.03,1.841584732735868,86.7679864660725,3987.246992898894,97.553365378365,0.0355325988293209
116,Dalmia Bhar.,25288.97,2090.54,0.3705625372542154,236.62463971144712,1109.6860141398872,91.7333920677671,0.1196114827893154
117,IIFL Holdings,24788.54,1612.14,1.97884690440141,22.884039530456235,1437.6170804024464,93.49643020524807,0.0922395437848436
118,L & T Infotech,24626.1,1883.8,0.6553028133161609,16.850893842966475,1207.2566089818451,92.350392469778,0.1077827313892642
119,Aditya Bir. Nuv.,24592.21,4287.12,0.1376182180694463,127.57829918250346,473.63008266621887,82.56716252829656,0.2452901069081338
120,Emami,23720.37,756.64,3.5451876834168172,82.35085558603444,3034.961144005075,96.81016780092384,0.043291605201387
121,Cummins India,23562.0,1354.67,0.667654003710727,79.03758722774373,1639.3165863272973,94.25061539767424,0.0775082454247237
122,Berger Paints,23537.8,1338.63,0.1027077497665729,1.1840522045959534,1658.3499548045388,94.31284996898606,0.0765905073360286
123,Rajesh Exports,23495.54,41304.84,0.1795409936357628,2985.605432419712,43.11673886159587,75.79864093355589,2.3632808550783184
126,Tata Power Co.,23369.24,6949.91,0.5375488284159458,83.17410259911429,236.25241190173688,70.26043636849123,0.3976432119702523
127,3M India,23101.19,645.77,1.1470206134217564,90.7082249985971,3477.309258714403,97.20460287976506,0.0369481125646274
128,Jindal Steel,23094.39,6992.56,0.0294357130520062,982.8251544667606,230.2708879151555,69.72182421791612,0.4000834569504796
129,Edelweiss.Fin.,22915.42,2069.45,0.7749501069307385,70.40497328589244,1007.3193360554736,90.96918145074363,0.1184048059632194
130,Gillette India,21976.74,407.52,4.096281019505632,80.30781125419797,5292.800353356891,98.14567583727158,0.0233164978743778
131,Adani Enterp.,21776.04,9938.37,0.9132382691882436,2338.7441107184927,119.11077973550994,54.36098574396446,0.5686297187371919
132,Adani Transmissi,21677.26,1782.29,0.4536178295043602,82.06657630979728,1116.258857986074,91.77806604709266,0.1019747766895486
133,Balkrishna Inds,21372.18,1106.31,1.4073734411083283,37.927609984907065,1831.843696613065,94.82359777991762,0.0632981811037567
134,Cholaman.Inv.&Fn,20832.4,1404.33,2.525619754278685,26.938199962035945,1383.4405018763396,93.25891399934716,0.0803495717018183
135,Indraprastha Gas,20779.52,1183.9,0.2538353718246622,15.69645311287232,1655.175268181434,94.30256329308855,0.0677375388532487
136,M R P L,20750.78,14100.98,0.1383092583466916,1091.0617450798209,47.15842444993184,32.04602429402654,0.8067959123396258
137,Glaxosmi. Pharma,20489.35,703.91,1.259856256005798,95.00807745277278,2810.79115227799,96.56450790288612,0.0402746270581892
138,PNB Housing,20037.85,1438.49,2.2035838130540997,104.357091105397,1292.9780533754142,92.82113600011976,0.0823040563096627
139,RBL Bank,19748.79,1150.79,1.4425699363953548,20.000139034682206,1616.1071959262767,94.17285818523564,0.065843130616547
140,Castrol India,18803.22,970.3,4.787989542650461,15.684008376854164,1837.8769452746576,94.83971362351768,0.0555162884950648
141,Canara Bank,18590.66,10774.64,1.1304446791560283,1010.444192517778,72.54089231751595,42.0427246800275,0.6164774014948624
142,GRUH Finance,18535.09,428.47,0.298913540455259,96.02334741578372,4225.878124489462,97.68833062046096,0.0245151645176547
143,KIOCL,18534.15,442.81,0.0050714617517266,3.346792074124205,4085.576206499402,97.61084268768732,0.0253356361006901
144,Voltas,18453.44,1374.67,0.4354664227925409,210.44240193310904,1242.390537365331,92.55060303119636,0.0786525572560143
145,Godrej Inds.,18298.09,2458.48,0.8418484575233642,78.84146740672307,644.2846799648564,86.56428075279989,0.1406633875495691
146,Whirlpool India,18254.06,958.01,0.2406262074347576,61.03242653997592,1805.414348493231,94.75179768226904,0.0548131088747367
147,Sundaram Finance,18159.85,677.23,0.5161043625363515,29.3086710994666,2581.489302009657,96.27072910844528,0.0387481150752475
148,Federal Bank,18086.81,2501.2,0.4022059653576271,269.32799787369134,623.1252998560692,86.1711379729206,0.1431076376212059
149,Tata Comm,17963.55,4114.63,0.6814910976562616,64.50623700623703,336.5775294497925,77.09456093032834,0.2354209895191678
151,Tata Chemicals,17941.47,2573.91,0.1229155706973128,37.444922143667846,597.0511789456508,85.65385110584585,0.1472677832838629
152,Exide Inds.,17930.75,2276.54,0.0597498421255449,11.553240012277032,687.6316691118978,87.30371010693919,0.1302535828203183
153,IDFC Bank,17762.77,2283.72,0.93682640157271,0.3153909002257649,677.7998178410664,87.14322146827325,0.1306643907677516
154,NBCC,17712.0,1321.5,0.2858225378136403,42.13388681624717,1240.295119182747,92.5389566395664,0.0756104042525282
155,IDBI Bank,17559.35,5797.2,0.8618450767841068,338.68331441543694,202.89363830814872,66.98511049668694,0.3316902274179014
156,The Ramco Cement,17246.58,1056.36,1.781216275089892,81.77809977230388,1532.6422810405547,93.87495955719916,0.0604402623051083
157,Dewan Hsg. Fin.,17097.54,2631.6,0.8641713313596089,149.11961831193912,549.7013223894209,84.60831207296489,0.1505685507612208
158,MphasiS,16728.78,1660.69,2.1568015047778943,36.894284845721224,907.3391180774256,90.072856478476,0.0950173607553016
159,Apollo Hospitals,16683.97,1896.14,0.2678617328938371,14.177841740481378,779.8912527555982,88.63495918537375,0.1084887717891705
160,Reliance Nip.Lif,16655.58,394.0,0.1701633364241228,79.22094360121088,4127.304568527919,97.63442642045489,0.0225429430764253
161,Tata Global,16589.24,1730.39,0.3983049524543758,339.1852791878173,858.6994839313683,89.56920268800741,0.0990052874873494
162,Godrej Propert.,16545.51,627.03,0.2636046015369153,63.76366021532718,2538.71106645615,96.2102709435974,0.0358758923787081
163,AU Small Finance,16453.67,464.17,0.5550750626605039,25.973238919987875,3444.750845595363,97.1789272545274,0.0265577611365085
164,Indian Hotels,16150.13,1197.26,1.844816384429726,157.93567012086086,1248.9242102801395,92.58668506073946,0.0685019391565508
165,Motil.Oswal.Fin.,16108.15,728.63,0.2599359881313656,39.14187394550891,2110.744822475056,95.47663760270424,0.0416889964816645
166,H U D C O,16065.25,1064.49,0.2663248107324545,46.09472571812854,1409.196892408571,93.3739593221394,0.060905425064528
167,Oberoi Realty,16044.51,356.2,0.1290985200977257,66.53796653796654,4404.354295339696,97.77992596844652,0.020380193715286
168,Indian Bank,15739.16,4354.22,1.9031431935285004,1122.4087591240875,261.4691035363394,72.33511826552369,0.2491292731021139
169,SJVN,15512.35,436.58,1.441055304095007,89.97340511044459,3453.1517705804204,97.1855972821655,0.0249791829652431
170,Bank of India,15339.87,9334.84,1.1118882696690036,2038.173988730588,64.32922256835683,39.14655078563247,0.5340983927602503
171,Supreme Inds.,15248.94,1278.3,0.5927690391118068,86.30613915182263,1092.907768129547,91.6171222393163,0.0731386906969404
172,Muthoot Finance,15226.72,1553.71,0.1457150464229117,21.545020730657917,880.0232990712551,89.796160959156,0.088896436769728
173,NLC India,15201.61,1706.48,0.1649074784326409,9.832594242168735,790.8167690216118,88.77434692772674,0.0976372626930415
177,Glenmark Pharma.,14785.53,2203.67,0.4009417280507521,29.13541324832405,570.9502783992159,85.09576592790383,0.1260842826630109
178,Jubilant Life,14775.08,2067.76,0.0706772094067664,6.167438863350672,614.5452083413935,86.00508423643053,0.1183081116134754
179,Crompton Gr. Con,14638.57,938.19,0.9239205472999168,54.62771308082176,1460.2990865389738,93.5909723422438,0.0536790958499277
180,Honeywell Auto,14526.24,721.48,0.767356374290662,23.09873266609109,1913.3946886954593,95.03326394166696,0.0412799050019781
181,Natco Pharma,14456.9,562.2,0.4773430701957348,22.07684204690358,2471.487015297047,96.11119949643422,0.0321666055775795
182,PC Jeweller,14334.81,2644.89,0.8445102338675681,370.453575240128,441.9813300364099,81.54917993332316,0.1513289459731134
183,Quess Corp,14330.19,1583.95,0.0322292377785249,40.11282132716294,804.7122699580162,88.94676204572305,0.0906266362586395
184,CRISIL,14164.81,441.13,1.1540670430748023,72.15000473499795,3111.028495001474,96.8857330243046,0.0252395139068617
185,WABCO India,13843.64,649.91,2.2673795130326524,47.32845193026998,2030.085704174424,95.30535321635062,0.0371849851137045
186,Amara Raja Batt.,13774.32,1553.46,0.5007353557301419,139.02694219199586,786.6864933760767,88.72205669680973,0.0888821328718369
189,Sterlite Tech.,13743.95,835.18,0.2204827534135867,46.23743128242762,1545.6272899255252,93.92328988391256,0.0477853177628653
190,AIA Engg.,13593.35,572.16,1.095754859410869,31.492612370985896,2275.7952321029084,95.79088304207572,0.0327364728695622
191,KRBL,13492.55,783.51,0.7415390613792816,36.93896812080537,1622.064810914985,94.19301762824672,0.0448289881467259
193,Indiabulls Vent.,13396.15,238.43,0.0418601735891477,69.56899082334623,5518.4834123222745,98.2201602699283,0.0136419134967312
194,Century Textiles,13369.97,2069.39,0.1954292837867632,767.9234995596191,546.0826620405047,84.52210438766879,0.1184013730277256
195,Jubilant Food.,13178.43,795.17,1.4326135361560244,61.57466693083469,1557.3097576618836,93.96612494811598,0.0454961219443684
196,Bayer Crop Sci.,13166.76,479.7,0.0885537958618787,39.67327741237723,2644.790494058787,96.35673468643766,0.0274463192735057
197,Graphite India,13129.9,933.06,0.2799473826514687,94.50906816760474,1307.1871047949758,92.89362447543394,0.0533855798652016
198,JSW Energy,13104.0,1993.2,0.197259689715834,113.61970291299596,557.4352799518362,84.78937728937728,0.1140421171064239
199,Central Bank,13046.18,6026.55,0.4412393162393169,202.3555087296809,116.4784163410243,53.80601831340668,0.3448126233432266
201,CESC,12996.56,1706.0,0.3803412186555777,71.69192987696111,661.8147713950761,86.87344958973759,0.0976097992090905
202,Shri.City Union.,12995.31,1338.09,0.009617929667538,21.56565064478312,871.1835526758289,89.70328526214458,0.0765596109165838
203,L&T Technology,12942.25,969.1,0.4083011486451626,27.57587307281274,1235.4916933237023,92.51212115358612,0.0554476297851873
204,Rain Industries,12655.17,3050.81,2.21816144797079,214.80858528531627,314.81344298727225,75.89277741824093,0.174553898900988
205,Torrent Power,12599.37,2754.64,0.440926514618134,9.707913636050758,357.3871721894695,78.1366846120084,0.1576083571473207
206,Dilip Buildcon,12526.06,1942.12,0.5818544895498823,29.496413324427152,544.9683850637447,84.49536406499729,0.1111195446893077
207,TI Financial,12507.91,886.68,0.1448979168230058,54.34473667950488,1310.6453286416747,92.91104589016072,0.0507319207284386
208,JM Financial,12382.64,837.73,1.0015262341990017,5.52059367528307,1378.1182481229034,93.23464140118747,0.0479312175213548
209,Adani Power,12091.5,4844.46,2.351194898664577,478.2841727048094,149.59438203638794,59.934995658106935,0.2771786447107097
210,Reliance Power,12033.99,2494.65,0.4756233717901015,48.50509654326798,382.39191870603094,79.26996781616073,0.1427328754964582
211,Reliance Capital,11966.83,4749.0,0.5580858883878048,90.36738620648184,151.98631290798065,60.31530488859623,0.2717168443399596
212,Syngene Intl.,11950.0,387.7,0.1406387489418681,91.83617603706044,2982.280113489812,96.75564853556484,0.0221824848495688
213,Abbott India,11924.12,881.49,0.2165690376568996,127.36394119164304,1252.7232299855928,92.60750478861334,0.0504349718082187
214,Hatsun AgroProd.,11896.52,1012.94,0.2314636216341314,14.912250847996011,1074.4545580192312,91.48540917848244,0.0579559613193764
215,Symphony,11882.55,217.63,0.1174292986520497,78.51501569688236,5359.977944217249,98.16849077007882,0.0124518291921889
216,Gujarat Gas,11759.77,1571.33,1.033279893625516,622.0190231126223,648.3959448365398,86.63808901024424,0.0899045754930951
217,Reliance Infra.,11737.24,5861.04,0.1915853796460309,272.9986699165675,100.2586571666462,50.06458077026627,0.335342870783381
218,Aditya Bir. Fas.,11718.17,1855.0,0.1624743125300254,68.35032690444017,531.7072776280323,84.16988318141826,0.1061349223522057
219,Ajanta Pharma,11651.8,587.05,0.5663853656330375,68.35309973045823,1884.805382846436,94.96172265229409,0.0335884130279581
220,P I Inds.,11564.22,537.74,0.7516435228891671,8.399625244868403,2050.522557369733,95.34996739944415,0.0307671122079111
221,City Union Bank,11554.4,865.36,0.08491709773768,60.92535426042325,1235.2130905056854,92.5105587481825,0.0495120843162828
222,Varun Beverages,11498.3,329.92,0.4855293221629919,61.87482666173616,3385.1782250242477,97.1307062783194,0.0188765679689702
223,Mindtree,11438.78,1377.7,0.5176417383439214,317.58608147429686,730.2809029541991,87.95588340714656,0.0788259204984549
224,Prestige Estates,11353.13,1272.3,0.7487686623923295,7.650431879218999,792.3312111923289,88.79339882481749,0.0727953971475532
225,Future Consumer,11203.15,784.05,1.3210453857218196,38.37538316434803,1328.88208660162,93.00152189339606,0.0448598845661708
226,Sundram Fasten.,11202.53,848.13,0.0055341578038214,8.172948153816728,1220.8505771520877,92.4291209217918,0.048526259673626
227,Sanofi India,11182.45,667.5,0.1792452240699238,21.29744260903399,1575.2734082397003,94.03082508752554,0.0381914073693247
228,Guj.St.Petronet,11064.74,350.18,1.0526315789473717,47.53857677902622,3059.7292820834996,96.83517190643433,0.0200357558540676
229,Godrej Agrovet,10918.75,865.77,1.3194164526233787,147.23570735050546,1161.1605853748686,92.07079564968517,0.0495355427088243
230,Finolex Cables,10900.75,656.78,0.1648540354894145,24.139205562678313,1559.7262401412954,93.97490998325804,0.0375780562277529
232,SRF,10842.62,1397.06,0.2016654194889278,112.71354182526872,676.1026727556441,87.11510686531486,0.0799336143511442
233,GE T&D India,10778.42,1438.55,0.5921078115806,2.969808025424814,649.2558479024018,86.65342415678737,0.0823074892451566
234,Alembic Pharma,10764.29,840.02,0.1310952811265364,41.60647874595947,1181.432584938454,92.19623402936932,0.0480622412260376
235,SPARC,10755.13,19.42,0.0850961837706165,97.68815028213616,55281.71987641606,99.81943500450484,0.0011111267881831
236,GMR Infra.,10653.44,2072.29,0.9455022858858908,10570.906282183316,414.0902093818915,80.5481609696023,0.1185672982432627
237,HEG,10630.76,842.71,0.2128889823380997,59.33435957322575,1161.4968375835103,92.07290918052897,0.0482161511673462
238,Trent,10589.27,521.32,0.3902825385955433,38.137674882225205,1931.241847617586,95.0769033181702,0.0298276321944215
239,Engineers India,10565.56,473.42,0.2239058971959417,9.188214532340988,2131.7519327447085,95.51921526166149,0.0270870053584804
240,Avanti Feeds,10558.13,706.43,0.0703228224533281,49.21845295931728,1394.575541808813,93.30913712939696,0.0404188103489319
241,Pfizer,10508.48,456.54,0.4702537286432329,35.37363928485483,2201.765453191396,95.655508693931,0.0261212061728711
242,Escorts,10450.56,1205.03,0.551173909071534,163.94839444517456,767.244798884675,88.4692303570335,0.0689465043030072
243,Tata Motors-DVR,10442.09,7769.67,0.0810482883213836,544.7698397550269,34.395540608545794,25.592769263624422,0.4445462653111926
244,Blue Dart Exp.,10422.45,704.59,0.1880849523419159,90.93153248464864,1379.2219588696971,93.23968932448705,0.0403135336604531
245,Indbull.RealEst.,10338.4,2100.13,0.806432268804369,198.0641223974226,392.2742877821849,79.68612164358122,0.1201601803124193
246,ERIS Lifescience,10289.81,182.21,0.4699953571152271,91.3238704270688,5547.225728554964,98.2292190040438,0.0104252529389732
247,Arvind Ltd,10247.7,2705.75,0.4092398207546921,1384.9624060150377,278.7378730481382,73.59651433980308,0.1548110868757308
249,Hexaware Tech.,9885.05,1004.83,1.8791268130184056,62.86316178508731,883.7534707363434,89.8348516193646,0.057491942871788
255,SKF India,9569.14,700.49,3.195836136387775,30.28771035896619,1266.06375537124,92.67969744407544,0.0400789497350385
256,Delta Corp,9531.57,162.17,0.3926162643664965,76.84906279889792,5777.517419991367,98.29860138466172,0.00927865248402
257,Union Bank (I),9528.82,8260.47,0.0288514903630798,4993.710304001974,15.354453196973058,13.310672255326478,0.4726276776510645
258,TV18 Broadcast,9463.27,271.13,0.6879130889239082,96.7177412423264,3390.3072326928045,97.1349227064218,0.0155128633408913
259,Minda Inds.,9457.04,1056.16,0.0658334803931404,289.5400730276989,795.4173610059082,88.83202355070932,0.0604288191867954
260,Solar Inds.,9317.76,465.68,1.472765262703768,55.90819572792001,1900.893317299433,95.00223229617418,0.0266441566797709
261,Kajaria Ceramics,9306.54,661.16,0.1204152070883868,41.977323483937454,1307.607840764717,92.89574858110534,0.0378286605188055
262,Astral Poly,9162.14,528.54,1.5515970489569877,20.05868473591869,1633.48090967571,94.23126038239974,0.0302407287655174
263,Bata India,9145.38,674.0,0.1829266961648756,27.52109584894238,1256.881305637982,92.630158615607,0.0385633087144941
264,Phoenix Mills,9097.33,416.61,0.5254018969140573,38.188427299703264,2083.6561772401046,95.42052448355726,0.0238365876016994
267,BASF India,8778.35,1278.74,3.506303497839469,206.9393437507501,586.4843517837871,85.43302556858634,0.0731638655572288
268,DCM Shriram,8681.95,1783.73,1.0981562594337135,39.49121791763768,386.73005443648987,79.45473079204557,0.1020571671414015
269,Infibeam Incorp.,8646.54,213.48,0.4078576817420076,88.03182095945014,3950.281056773469,97.53103553560152,0.0122143844871961
270,Aegis Logistics,8613.86,1442.08,0.3779546500681241,575.5105864718006,497.3219238877178,83.2586088002359,0.0825094602833794
272,Jet Airways,8539.88,6086.2,0.5491997242356161,322.0431598801731,40.31546777956688,28.73201965367194,0.3482255333800509
273,SpiceJet,8458.24,2081.95,0.9559853300046272,65.79228418389143,306.26528014601695,75.38554120006053,0.1191200008577761
274,Thomas Cook (I),8440.65,3005.45,0.2079628858958848,44.35745334902374,180.84479861584788,64.39314507768952,0.1719585996676208
275,Guj Fluorochem,8439.77,968.97,0.0104257373543359,67.75957011429237,771.0042622578615,88.51899992535341,0.0554401917582839
276,Wockhardt,8428.58,1005.3,0.1325865515292568,3.7493420848942582,738.4144036605989,88.07272399384001,0.0575188341998234
277,Akzo Nobel,8389.47,711.99,0.4640164772713895,29.17636526410027,1078.3128976530568,91.51328987409217,0.0407369290380307
278,I D F C,8380.86,2789.58,0.1026286523463149,291.8004466354864,200.4344740068398,66.71487174347263,0.1596074699165854
279,Security & Intel,8247.08,1537.72,1.5962562314607354,44.87628962065974,436.31870561610697,81.35437027408489,0.0879815594606112
280,Asahi India Glas,8183.96,640.38,0.7653618007828267,58.35522721951981,1177.9849464380525,92.17518169688024,0.0366397205260946
281,TTK Prestige,8153.33,457.97,0.374268691440327,28.48464973921734,1680.319671594209,94.38303122773148,0.0262030244688084
282,ITI,8124.6,250.97,0.3523713623758584,45.19946721400966,3137.2793560983387,96.91098638702212,0.0143593970149504
283,Karur Vysya Bank,8065.7,1422.32,0.7249587672008562,466.72909112642947,467.08054446256824,82.36582069752161,0.0813788801940643
284,Vardhman Textile,8023.74,1647.98,0.520227630583836,15.865627988075826,386.88333596281507,79.46119889228714,0.0942901505865164
285,Fortis Health.,7966.43,1156.61,0.7142554469611317,29.816502627459073,588.7740897969067,85.48145154102905,0.0661761253594526
286,Ipca Labs.,7943.03,859.21,0.2937325753191944,25.713075280345137,824.4573503567229,89.18284332301401,0.049160208428161
287,Sheela Foam,7815.74,532.21,1.602537067089005,38.05821626843263,1368.544371582646,93.19053602090142,0.0304507099865592
288,IRB Infra.Devl.,7812.73,1296.19,0.0385120282916262,143.54859923714324,502.74573943634795,83.40925643149065,0.0741622776300299
289,Atul,7789.01,803.68,0.3036070618080866,37.99674430446154,869.168076846506,89.68187227901878,0.0459830266285825
290,Finolex Inds.,7784.17,722.72,0.0621388340751871,10.073661158670111,977.0658069515164,90.71551623358688,0.0413508523355181
291,Dish TV,7765.91,740.77,0.2345786384418624,2.4975094088997007,948.356439920623,90.46125953043492,0.0423835937632579
292,Rel. Comm.,7702.01,1144.0,0.8228269449427006,54.433899860955506,573.2526223776224,85.14673442387118,0.0654546367498239
293,Dr Lal Pathlabs,7550.78,262.7,1.9635134205227,77.0367132867133,2774.29767795965,96.52088923263558,0.0150305359040023
294,OCL India,7453.05,859.24,1.2943033699829631,227.08031975637613,767.4002606954983,88.47129698579776,0.0491619248959079
295,NCC,7439.01,2780.26,0.1883792541308548,223.57199385503472,167.5652636803752,62.62594081739371,0.159074220603204
296,Relaxo Footwear,7251.91,457.5,2.515119619411732,83.5447044521016,1485.1169398907105,93.69131718402464,0.0261761331407731
297,J K Cements,7230.76,1126.11,0.2916473039516476,146.14426229508192,542.100682881779,84.42611841632139,0.0644310498167344
298,G N F C,7208.38,1590.89,0.3095110334183415,41.27305503014804,353.10360867187546,77.92999259195547,0.0910237124640973
299,Cochin Shipyard,7154.99,615.04,0.7406657251698756,61.33987893569008,1063.3373439125912,91.40404109579468,0.0351898774358493
301,Birla Corpn.,7137.67,1389.32,0.2420688218991218,125.89099895941727,413.7527711398382,80.53538479643917,0.0794907656724347
302,Future Lifestyle,7009.13,1188.97,1.8008677901892312,14.420723807330194,489.51277155857593,83.03683909415291,0.0680276219024808
303,Century Ply.,6966.23,509.93,0.612058843251595,57.111617618611064,1266.114956954876,92.6799718068453,0.0291759466065014
304,Blue Star,6952.99,981.3,0.1900597597265685,92.4381777891083,608.5488637521655,85.88664732726495,0.0561456600022746
305,Kalpataru Power,6950.23,1417.37,0.0396951527328548,44.437990420870264,390.36102076380905,79.6068619311879,0.0810956630158198
306,Suzlon Energy,6942.31,1193.06,0.1139530634237884,15.82579001954324,481.8911035488576,82.81465391202639,0.0682616336719798
307,Cyient,6921.97,983.3,0.2929860521930005,17.58168072016495,603.9530153564529,85.79450647720229,0.0562600911854037
308,Hind.Copper,6902.14,440.14,0.2864791381644194,55.23848266042917,1468.1692188849,93.62313717194957,0.0251828704712128
309,Guj Pipavav Port,6864.85,162.68,0.5402672214704474,63.03903303494343,4119.848782886648,97.63024683714866,0.0093078324357179
310,Carborundum Uni.,6838.18,611.59,0.3885008412419788,275.9466437177281,1018.0987262708678,91.0562459601824,0.0349924836449517
311,Can Fin Homes,6811.5,392.1,0.3901622946456573,35.88842198204679,1637.184391736802,94.24355868751375,0.0224342334524527
312,Sadbhav Engg.,6795.06,2153.34,0.2413565293988062,449.18133129303743,215.55908495639332,68.31021359634794,0.123204621939568
313,Advanta,6742.41,361.68,0.7748275953413319,83.20376717099947,1764.1921035169207,94.63574597213756,0.0206937351570597
314,Capital First,6710.63,987.64,0.4713448158744415,173.07011723070116,579.4611396865254,85.28245485148189,0.0565084068527937
315,Lak. Mach. Works,6654.81,542.42,0.8318145986293324,45.0791786480904,1126.874009070462,91.84920380897424,0.0310348811764331
316,Himadri Specialt,6646.41,500.08,0.1262244902559328,7.80575937465432,1229.0693489041753,92.4759381380324,0.0286123730295908
317,Coffee Day Enter,6601.62,965.3,0.6738976379729755,93.02911534154536,583.8930902310163,85.37783150196466,0.0552302105372421
318,PVR,6591.31,557.25,0.1561737876460522,42.27183259090438,1082.8281740690893,91.54568666926605,0.0318833883993351
319,Chambal Fert.,6542.79,2330.1,0.7361207407935666,318.14266487213996,180.7943865070169,64.38675244047265,0.1333180499045146
320,Vijaya Bank,6531.58,3135.23,0.1713336359565276,34.553452641517545,108.32857557499769,51.998903787444995,0.1793840391408657
321,Welspun India,6520.67,1397.95,0.1670346225568719,55.4115647017922,366.4451518294646,78.56125214126769,0.0799845362276366
322,CEAT,6476.26,1574.15,0.6810649825861437,12.604170392360237,311.41314360130866,75.69353299589578,0.090065923461307
323,Strides Shasun,6469.51,749.04,0.1042268222708808,52.41622462916495,763.7068781373492,88.42199795656857,0.0428567667054965
324,Narayana Hrudaya,6379.12,553.84,1.397169182828384,26.06002349674249,1051.7983533150368,91.31792472942976,0.0316882832321
325,Jyothy Lab.,6324.62,431.21,0.8543498162756014,22.141773797486653,1366.7145938173976,93.18204097637486,0.0246719352385415
326,Johnson Con. Hit,6209.11,377.4,1.8263547849515116,12.478838616915189,1545.2331743508216,93.92183420812324,0.0215931642564541
328,Tata Elxsi,6153.54,345.54,0.3673762149401738,8.44197138314784,1680.8473693349538,94.38469563860802,0.0197702755092081
329,Syndicate Bank,6086.37,5375.57,1.091566805448574,1455.7012212768418,13.222783816413893,11.678553883513493,0.307566417546548
330,D B Corp,6059.97,598.58,0.4337560812109675,88.86480875516457,912.3909920144342,90.12239334518158,0.0342481087986972
331,Jain Irrigation,6019.89,1889.63,0.6613894128188691,215.68545557820173,218.57506495980695,68.61022377485303,0.1081162982880854
332,Persistent Sys,5996.4,791.89,0.3902064655666559,58.09285415663384,657.2263824521082,86.79390967914081,0.0453084548040367
333,Redington India,5896.54,11728.4,1.6653325328530366,1381.0642892320902,49.724259063469866,98.90308553829873,0.6710473441054499
334,Sunteck Realty,5865.04,201.5,0.5342115884908738,98.28194809181132,2810.689826302729,96.56438830766712,0.011528941700253
335,Raymond,5863.1,1484.24,0.033077353266131,636.5955334987593,295.0237158411039,74.68506421517628,0.08492166962374
336,MOIL,5840.29,299.8,0.3890433388480607,79.80111033256077,1848.062041360907,94.86669326351944,0.0171532343510465
337,Bombay Dyeing,5823.25,619.93,0.291766333521104,106.78118745830552,839.339925475457,89.3542265916799,0.0354696616785999
338,GE Shipping Co,5802.66,584.42,0.3535826213884041,5.728066071975868,892.8920981485918,89.92841214201762,0.0334379360221434
339,Grindwell Norton,5706.51,365.42,1.6569986868091413,37.47305020362067,1461.6304526298504,93.59643635076432,0.020907721469511
340,EID Parry,5652.33,3557.94,0.9494419531377418,873.6577089376608,58.86524224691816,37.05356905913136,0.2035696418511088
341,I O B,5591.02,4254.68,1.0846854306100218,19.58267986531532,31.408707587879704,23.901542115749898,0.2434340331177804
342,Galaxy Surfact.,5567.11,826.95,0.4276500531209093,80.56375567610255,573.2099885120019,85.14579377810031,0.0473144334442892
343,Laurus Labs,5502.94,473.77,1.1526626921328995,42.708749017473856,1061.5214133440277,91.39060211450608,0.027107030815528
344,Guj Alkalies,5498.45,617.61,0.0815927486034651,30.360723557844537,790.2786548145269,88.76756176740719,0.0353369215061702
346,Timken India,5495.76,278.58,0.0298322843525933,54.893865060475065,1872.776222270084,94.93100135377092,0.0159391194980471
347,C P C L,5427.82,8587.17,1.2362257449379244,2982.4790006461344,36.791515714723246,58.20660965175707,0.491320011415197
348,Dishman Carbogen,5416.39,459.82,0.2105817805306609,94.645267299937,1077.9370188334567,91.51058177125356,0.0263088733132028
349,St Bk of Bikaner,5402.95,2262.28,0.2481357509337534,391.992518811709,138.8276429089237,58.12880000740336,0.129437688484608
352,IFB Inds.,5293.53,531.74,0.1220754716981131,76.49539402726452,895.5109640049648,89.9549072169233,0.0304238186585239
353,eClerx Services,5259.14,339.89,0.6496610012600157,36.079662993192166,1447.3064815087234,93.53715626509278,0.0194470074168685
354,Sobha,5224.11,691.9,0.6660784843149359,103.56585954279323,655.038300332418,86.75563875952076,0.0395874678034992
355,Kirloskar Oil,5207.77,684.61,0.3127805501798253,1.0536204653851633,660.6914885847417,86.85406613579325,0.0391703661409938
356,G S F C,5200.13,1537.45,0.1467038674903165,124.57311462000264,238.2308367751797,70.4343929863292,0.0879661112508887
357,CG Power & Indu.,5151.85,1516.08,0.9284383275033448,1.38996390126509,239.8138620653264,70.5721245766084,0.0867434140591547
358,Westlife Develop,5145.88,305.19,0.115880703048421,79.86979578914043,1586.1233985386154,94.06923597130132,0.0174616263895793
359,K P R Mill Ltd,5145.36,714.51,0.0101051715158617,134.1197286936007,620.1242809757736,86.1135080927282,0.0408811123287733
360,Tube Investments,5139.43,1274.21,0.1152494674813708,78.33340331136026,303.34246317326034,75.2071727798608,0.0729046789274415
361,Bajaj Electrical,5127.38,1145.13,0.2344617982928065,10.130198318958406,347.7552766934758,77.66637151917743,0.0655192903682918
362,VST Inds.,5109.25,238.97,0.3535918929355786,79.13162697684979,2038.0298782273928,95.32279688799726,0.013672809916176
363,BEML Ltd,5089.87,731.51,0.3793120320986443,206.1095535004394,595.8032015966972,85.62812016809859,0.0418537773853703
364,FDC,5084.19,248.77,0.111594205745924,65.99226258014244,1943.7311572938856,95.10698852717935,0.0142335227135084
365,DCB Bank,5080.5,610.78,0.0725779327680475,145.51995819431602,731.8052326533286,87.9779549256963,0.0349461390157844
366,Star Cement,5072.67,377.43,0.154118689105398,38.20524575133436,1244.0028614577536,92.55953965071647,0.021594880724201
367,Netwrk.18 Media,5067.23,366.02,0.1072413541586714,3.023077126884466,1284.413420031692,92.77672416685247,0.0209420508244497
368,Gulf Oil Lubric.,5020.44,355.95,0.9233841763646056,2.751215780558436,1310.4340497260853,92.90998398546742,0.0203658898173949
369,UCO Bank,5012.59,3449.55,0.1563607970616054,869.1108301727771,45.31141743125915,31.182283011377347,0.1973680438814292
370,Jagran Prakashan,4995.05,598.07,0.3499189041992201,82.6623762519749,735.19487685388,88.02674647901424,0.0342189288469992
371,Elgi Equipment,4954.08,415.42,0.820212009889798,30.539903355794472,1092.5473015261662,91.61458837967898,0.0237685010477376
372,JK Lakshmi Cem.,4931.55,837.41,0.4547766689274257,101.58153194357516,488.9050763664155,83.01933469193256,0.0479129085320542
373,Zydus Wellness,4921.45,132.4,0.2048037635226318,84.18934572073417,3617.107250755287,97.30973595180284,0.0075753443231439
374,Equitas Holdings,4886.09,429.86,0.7184874376453987,224.66767371601208,1036.6700786302515,91.20237244913622,0.0245946941899294
375,India Cements,4885.75,1213.08,0.0069585292125196,182.20350811892243,302.7557951660237,75.17105869109145,0.0694070898151017
376,Dishman Pharma.,4861.2,534.22,0.5024817070050647,55.9616843077126,809.9621878626781,89.01053237883649,0.0305657133256039
377,South Ind.Bank,4856.71,1576.96,0.0923640253435276,195.18924787540715,207.97927658279215,67.53028284579479,0.0902266992736034
378,Polaris Consulta,4830.44,680.07,0.5409011450138168,56.87461952110389,610.2857058832178,85.92115832098112,0.0389106073552908
379,V I P Inds.,4819.63,337.99,0.2237891372214417,50.3007043392592,1325.9682239119502,92.9872210107415,0.0193382977928959
380,APL Apollo,4775.03,1314.38,0.9253822388855636,288.88132784993644,263.29143778815865,72.47389021639654,0.0752030292405887
381,Sadbhav Infra.,4735.67,624.37,0.8242880149443965,52.4969947808092,658.4717395134295,86.81559314732657,0.0357236989051464
382,Jindal Stain.,4726.91,2988.86,0.1849791053853078,378.7001297307686,58.150933800847135,36.76926364157557,0.1710093930035653
384,NIIT Tech.,4658.2,756.5,1.3404666747149685,74.68934643977971,515.7567746199603,83.75982139023657,0.0432835950185679
385,Caplin Point Lab,4600.73,141.61,1.2337383538705948,81.28089887640449,3148.873667113904,96.9220102027287,0.0081022999214532
386,Indian Energy Ex,4595.7,64.75,0.1093304758157942,54.27582797825012,6997.606177606177,98.59107426507389,0.0037047095538034
388,Godfrey Phillips,4512.29,581.94,1.004155276586982,798.7490347490349,675.3874969928171,87.10322253223973,0.0332960413550634
389,Jindal Stain .Hi,4498.09,2438.58,0.3146960855796021,319.04320032993087,84.45529775525101,45.78632263916463,0.1395247972774349
390,R C F,4493.52,1985.06,0.1015986785502187,18.59770850248915,126.36696120016526,55.82394203208176,0.1135763821910886
391,Rallis India,4493.2,390.16,0.0071213658779933,80.34517848327003,1051.6301004716013,91.3166562806018,0.0223232352048175
393,G M D C,4456.77,506.06,0.680585918958132,29.70576173877384,780.6801565031815,88.64513986586698,0.0289545222671467
394,Manpasand Bever.,4406.8,143.13,1.121215588868174,71.71679247520058,2978.8793404597222,96.75206499046928,0.0081892676206313
395,Tata Inv.Corpn.,4401.66,47.02,0.1166379232095948,67.1487458953399,9261.250531688642,98.93176665167232,0.0026902771153642
396,Essel Propack,4371.24,595.05,0.6911029020869375,1165.525308379413,634.6004537433829,86.38715787739862,0.0340461377604743
397,Allcargo Logist.,4369.69,1479.91,0.0354590459457737,148.70347029661377,195.26727976701284,66.13238010019018,0.0846739261122656
398,Radico Khaitan,4358.48,482.52,0.2565399376157073,67.39531457994067,803.2744756694022,88.92916796681412,0.0276076672417176
399,Cera Sanitary.,4356.9,290.88,0.0362511701327061,39.716488435712506,1397.8341584158416,93.32369345176616,0.0166428712742908
401,Forbes & Co,4331.82,63.93,0.5756386421538195,78.02186468646865,6675.879868606287,98.52417690485754,0.0036577927687204
402,S B T,4328.47,2365.94,0.0773346999644375,3600.8290317534806,82.94927174822692,45.34003932105339,0.1353686567061874
403,KNR Construct.,4325.39,433.19,0.0711567828817094,81.69057541611369,898.4971952261134,89.9849493340485,0.0247852221098393
404,PNC Infratech,4307.29,472.48,0.418459375917557,9.069923128419411,811.6343548933287,89.03068983049667,0.0270332227024097
405,Greenply Inds.,4295.02,399.29,0.2848658901536627,15.490602776837116,975.6643041398484,90.703419308874,0.0228456135558017
406,Ujjivan Fin.Ser.,4293.42,0.0,0.0372524458559064,100.0,inf,100.0,0.0
407,Monsanto India,4291.43,183.74,0.0463499960404512,inf,2235.5992162838797,95.71844350251548,0.0105127927940669
408,Vinati Organics,4279.07,185.65,0.2880158828176271,1.0395123544138407,2204.91246970105,95.66144045318258,0.0106220745739552
410,Lux Industries,4269.78,297.43,0.1993777916981409,60.210072717479136,1335.557946407558,93.03406732899587,0.0170176333990385
412,Ratnamani Metals,4194.31,535.6,0.0957523586759379,80.07598426520526,683.104929051531,87.23031917049528,0.030644670841963
413,Cox & Kings,4179.29,1356.07,0.3581041935383999,153.18707991038085,208.19131755735327,67.55262257464786,0.077588347252914
414,Omaxe,4168.29,506.82,0.2632026013988042,62.625823150722304,722.4399194980466,87.84105712414443,0.0289980061167357
415,Ashoka Buildcon,4166.87,729.22,0.0340667276029327,43.88145692750878,471.41466224184734,82.49957402078778,0.0417227536806875
416,Time Technoplast,4156.58,754.7,0.2469479489400905,3.494144428293255,450.7592420829469,81.84324613023207,0.0431806069537518
417,Phillips Carbon,4149.67,612.4,0.1662424396980166,18.855174241420436,577.6077726975833,85.24219998216725,0.035038828274119
418,Allahabad Bank,4137.11,4243.83,0.3026746705159788,592.9833442194644,2.514709590157953,2.5795784980336576,0.2428132439493052
419,Welspun Corp,4103.05,2304.16,0.8232800191437906,45.705647964220994,78.07140129157699,43.84275112416374,0.1318338774593306
420,NESCO,4093.02,80.62,0.244452297680997,96.50111103395598,4976.928801786157,98.03030525137918,0.0046127209919325
421,CARE Ratings,4090.69,74.82,0.0569261816458221,7.194244604316557,5367.375033413527,98.17096871187992,0.0042808705608582
423,Andhra Bank,4067.25,4549.26,0.1747509430905847,5980.27265437049,10.595349573337206,11.85100497879403,0.2602886020808601
424,Zensar Tech.,4066.42,793.76,0.0204069088450387,82.551887559735,412.2984277363435,80.48012748314241,0.0454154479602624
425,S H Kelkar & Co.,4057.34,283.12,0.2232922324796771,64.33178794597862,1333.081378920599,93.02202921125664,0.0161988782837501
426,Mahindra Holiday,4030.35,267.54,0.6652141550868351,5.502966939813502,1406.4476339986545,93.36186683538652,0.0153074593671747
427,Sintex Plastics,4022.02,1332.73,0.2066818018286231,398.14233385661953,201.78805909674128,66.86416278387478,0.0762529353457979
428,SREI Infra. Fin.,4009.63,1405.19,0.3080541618390775,5.436960224501597,185.34433065991075,64.95462174814135,0.0803987771105638
429,Techno Elec.,3975.44,275.64,0.8526971316555443,80.3841473395057,1342.258017704252,93.066427867104,0.0157709056588474
430,Minda Corp,3974.83,636.2,0.0153442134707137,130.8083006820491,524.7767997485067,83.99428403227309,0.0364005593533548
432,KPIT Tech.,3927.26,912.77,1.1637095759405969,43.47217856020118,330.2573485105777,76.75809597531104,0.0522246755123573
433,Triveni Turbine,3910.17,165.59,0.4351634472889554,81.85851857532566,2261.3563620991604,95.765145760926,0.0094743298071707
434,Shankara Build.,3901.07,624.62,0.2327264543485308,277.2087686454496,524.5509269635938,83.988495464065,0.0357380028030375
435,Multi Comm. Exc.,3847.19,60.97,1.3811595280269318,90.23886523005989,6209.972117434805,98.41520694324949,0.0034884346176894
436,Brigade Enterpr.,3846.15,423.91,0.027032717385933,595.2763654256192,807.3034370503173,88.97832897832897,0.0242542614201205
438,Magma Fincorp,3826.83,580.58,0.2320288445745721,36.95831662381166,559.1391367253435,84.828696336132,0.0332182281505356
439,VRL Logistics,3824.69,489.34,0.055920958077571,15.715319163595032,681.6017492949687,87.20576046686136,0.0279978775761877
440,ICRA,3809.0,82.87,0.4102293257754241,83.06494461928311,4496.355737902739,97.82436334996062,0.0047414560729527
441,Shriram Pistons,3804.58,430.8,0.1160409556314023,419.8503680463376,783.1429897864438,88.67680532410935,0.0246484768460001
442,IFCI,3789.45,626.8,0.3976785873867849,45.496750232126274,504.5708359923421,83.4593410653261,0.0358627327926482
443,Suprajit Engg.,3777.26,366.29,0.3216825660715794,41.56190172303764,931.2211635589288,90.30275914287076,0.0209574990341722
444,J & K Bank,3775.5,1682.97,0.0465946214981305,359.463812825903,124.33554965329148,55.42391736193881,0.0962921241353594
445,Navin Fluo.Intl.,3769.26,221.45,0.1652761223678966,86.8417143502261,1602.08173402574,94.12484148082116,0.0126703927519654
446,Karnataka Bank,3765.74,1332.24,0.093387030876102,501.5985549785505,182.66228307211912,64.62209286886508,0.0762248997059313
447,Shilpa Medicare,3764.1,185.53,0.0435505372118116,86.07383054104365,1928.836306796744,95.07106612470444,0.0106152087029675
448,Kushal,3761.86,578.18,0.0595095773225917,211.63693203255536,550.6382095541181,84.63047534995987,0.0330809107307807
449,Venky's (India),3760.61,695.85,0.0332282434753028,20.351793559099264,440.4340015808005,81.49635298528696,0.0398134693901791
451,CCL Products,3748.73,273.99,0.3159061960692599,60.62513472731192,1268.1995693273475,92.6911247275744,0.0156764999327659
452,Excel Crop Care,3734.06,258.65,0.3913325312839277,5.598744479725548,1343.6729170693989,93.07322324761788,0.014798812758166
453,Trident,3722.6,1137.17,0.3069045489360156,339.6559056640248,227.35650782204945,69.45226454628485,0.0650638542594381
454,Corporation Bank,3716.46,4387.85,0.1649384838553702,285.85699587572657,15.301115580523495,18.065309461153905,0.2510534334464291
455,Rane Holdings,3711.8,593.74,0.1253881381744981,86.46854381986621,525.1557920975512,84.00398728379763,0.0339711853355248
456,Team Lease Serv.,3677.34,918.06,0.9283905382833192,54.62323575976016,300.55551924710807,75.03467180081255,0.0525273459917336
457,Oriental Bank,3674.6,4262.08,0.0745103797853974,364.24852406160824,13.783880171184023,15.987590486039297,0.2438574284953579
458,I T D C,3619.04,102.14,1.512001306264621,97.6035175313462,3443.215194830625,97.17770458464123,0.0058440005224012
460,S C I,3582.0,879.56,0.433622414943291,761.1317799099276,307.24907908499705,75.44500279173646,0.0503245457164992
461,JK Tyre & Indust,3577.98,2123.24,0.112227805695142,141.3979717131293,68.51509956481605,40.658136714011825,0.1214824326334756
462,Deepak Nitrite,3531.9,371.14,1.287877517481928,82.52011077409995,851.6355014280327,89.49177496531611,0.0212349946532601
463,Heidelberg Cem.,3531.77,491.23,0.003680738412759,32.35706202511184,618.9646397817722,86.09111012325265,0.0281060150442447
465,Sharda Cropchem,3528.07,325.46,0.0509933793595762,33.745903141094814,984.0256867203344,90.77512634386504,0.0186213864305923
466,Dixon Technolog.,3526.8,677.8,0.0359970181997515,108.25907945676887,420.3304809678371,80.78144493591924,0.0387807279624393
467,Himatsing. Seide,3511.08,595.61,0.4457298400816656,12.125995868987893,489.4931246956901,83.03627373913439,0.0340781784917505
468,La Opala RG,3510.93,69.77,0.0042721897535846,88.28595893285876,4932.148487888778,98.01277724135772,0.0039919318234573
469,H F C L,3482.71,714.42,0.8037756377939687,923.9644546366634,387.4877523025671,79.48666412075653,0.0408759629255325
470,Reliance Home,3470.6,403.0,0.3477177255642893,43.59060496626634,761.1910669975185,88.38817495533914,0.0230578834005061
471,Rupa & Co,3460.91,277.96,0.2792024433815543,31.0272952853598,1145.1108073104044,91.96858629666764,0.0159036458312771
473,Ent.Network,3380.99,148.42,2.0732381964739366,46.60382788890488,2177.9881417598704,95.610161520738,0.0084919381000077
474,Supreme Petroch.,3377.57,725.02,0.101153804063292,388.4921169653686,365.8588728586798,78.53427168052772,0.0414824481961165
475,MAS FINANC SER,3376.2,112.05,0.0405617056049245,84.54525392402968,2913.119143239625,96.68118002488004,0.0064110070348057
476,Thyrocare Tech.,3374.38,77.84,0.0539067590782482,30.531012940651493,4235.020554984583,97.69320586300296,0.0044536616473831
477,Prakash Inds.,3336.05,725.97,1.1359123750140698,832.6438848920864,359.53000812705756,78.23863551205767,0.0415368030081028
478,Repco Home Fin,3331.08,277.48,0.1489785824553058,61.778034905023624,1100.475709961078,91.66996889897572,0.0158761823473261
479,Sonata Software,3329.58,766.75,0.0450304405778312,176.32622170967272,334.2458428431692,76.97156998780626,0.0438700548321044
480,Central Dep. Ser,3316.31,47.24,0.3985487659104114,93.83893055102706,6920.131244707874,98.57552520723335,0.0027028645455084
481,Puravankara,3274.9,440.09,1.2486769934053177,831.6045723962743,644.1432434274808,86.5617270756359,0.0251800096916346
482,Tejas Networks,3209.89,229.87,1.9850987816421917,47.767502101842794,1296.3936137817027,92.83869540700772,0.0131521480329388
483,ITD Cem,3192.67,472.98,0.5364669817345735,105.7597772654109,575.0116283986638,85.18544039941492,0.027061830498192
484,Hathway Cable,3189.1,138.65,0.1118186345597904,70.68586409573344,2200.1081860800573,95.6523784139726,0.0079329417704222
485,Dhanuka Agritech,3188.62,221.51,0.0150512683829262,59.76199062387304,1339.4925736987043,93.05310761395212,0.0126738256874593
486,Mahindra Logis.,3187.51,835.06,0.0348112976773506,276.98523768678615,281.7102962661366,73.80212140510932,0.0477784518918775
487,Heritage Foods,3185.45,581.74,0.064627248228255,30.335544751275357,447.5727988448448,81.73758809587342,0.0332845982367504
488,Mah. Seamless,3164.73,563.66,0.6504575491688702,3.107917626431056,461.4608097079801,82.18931788809788,0.0322501403412637
489,Navneet Educat.,3148.36,174.41,0.51726371602,69.05758790760387,1705.148787340176,94.4602904369259,0.0099789713247699
490,Firstsour.Solu.,3139.94,887.24,0.2674408263349859,408.7093629952411,253.89973400658215,71.7434091097282,0.0507639614597148
491,Kaveri Seed Co.,3125.83,70.64,0.4493716440441608,92.03823091835356,4325.0141562853905,97.74012022406848,0.0040417093881184
492,Star Ferro Cem.,3115.98,393.49,0.3151163051093641,457.0356738391846,691.8828941015018,87.37187016604727,0.0225137631247274
493,Deepak Fert.,3079.06,1644.92,1.1848599798458317,318.0334951332943,87.18600296670962,46.57720213311855,0.0941150708763289
494,Va Tech Wabag,3041.93,460.89,1.2058875111235268,71.98100819492741,560.0121504046518,84.8487637782592,0.0263700939961768
495,Prime Focus,3031.5,609.61,0.3428744251182558,32.268003211178375,397.28514952182536,79.8908131288141,0.0348791967736539
496,Lak. Vilas Bank,3029.57,790.17,0.0636648523833049,29.618936697232655,283.40736803472674,73.91808078374159,0.0452100439865457
497,NOCIL,3026.26,249.27,0.1092564291302,68.45362390371692,1114.049023147591,91.76310032845822,0.0142621305092907
498,Orient Cement,3024.32,511.53,0.0641055295975912,105.21121675291847,491.2302308759995,83.086115225902,0.0292674915530047
499,Natl.Fertilizer,3017.07,2840.75,0.2397233097026774,455.3437726037574,6.206811581448567,5.84408051520184,0.1625351917369425
